orderid,listedproducts,totalunitssold,meanunitssoldperproduct,rating,merchantratingscount,meanproductprices,meanretailprices,averagediscount,meandiscount,meanproductratingscount,totalurgencycount,urgencytextrate
5357bcf2bb72c5504882e889,2,0.9999999999999999,60000,4.219,320031,0.36023622047244097,0.10778443113772455,0.6260869565217392,0.6260869565217392,0.48040015223182736,0.0,0.4186046511627907
5708773c3c02161b3f8c7900,5,0.8924910409200766,21420,3.934,139223,0.29921259842519676,0.19281437125748505,0.6869565217391305,0.6869565217391305,0.2180177241341815,0.4000000000000001,0.5348837209302326
570f3a713a698c14278bb51e,1,0.8333194432869405,100000,3.889,19248,0.1963582677165354,0.10179640718562875,0.7739130434782608,0.7739130434782608,1.0,0.0,1.0
5926c5ace8ff5525241b368d,7,0.7999833319443286,13714,4.139,55499,0.2465551181102362,0.025688622754491023,0.12173913043478263,0.12295652173913045,0.12232914695808188,0.0,0.0
5860c757b1e41d4d67d183e8,4,0.7508125677139761,22525,4.049,151249,0.0861220472440945,0.010479041916167664,0.25217391304347825,0.25217391304347825,0.34197792638503777,0.2,0.4186046511627907
52bd3ddb34067e4620a4c62d,3,0.666638886573881,26667,4.104,839882,0.2726377952755905,0.07586826347305389,0.4434782608695652,0.44634782608695656,0.33360517588212907,0.0,0.22093023255813954
5a7b23a69bda4e3d375e7b3f,5,0.666638886573881,16000,3.966,12974,0.3307086614173228,0.03473053892215569,0.09565217391304348,0.0973913043478261,0.11379329092589573,0.0,0.0697674418604651
53a2a09ad91139519161a267,3,0.6249687473956163,25000,4.256,165915,0.5733267716535433,0.5888023952095809,0.9043478260869565,0.9043478260869565,0.21785461860490404,0.0,0.22093023255813954
539937d634067e06707b1a8e,4,0.5924660388365697,17775,3.968,51369,0.4832677165354331,0.5044910179640719,0.9130434782608695,0.9152173913043479,0.35290599684662644,0.2,0.4186046511627907
58ad449708de0c6dc59d9e06,6,0.5257938161513459,10517,4.147,126370,0.09498031496062992,0.007964071856287426,0.12173913043478263,0.12026086956521741,0.17898113412711358,0.0,0.03488372093023254
56e43d9e3a698c3826a5feff,3,0.5082923576964746,20333,4.179,17816,0.34399606299212593,0.035928143712574856,0.08695652173913045,0.08695652173913045,0.2765182406350242,0.0,0.22093023255813954
53facca81c105e3d5866e212,3,0.49995832986082167,20000,4.157,402743,0.36023622047244097,0.6706586826347306,0.6608695652173913,0.658,0.21671287989996194,0.0,0.22093023255813954
558c2cdc89d53c4005ea2920,15,0.48745728810734223,3900,3.885,32168,0.1230314960629921,0.012754491017964071,0.16521739130434784,0.16695652173913045,0.04072201380960148,1.0000000000000002,0.3023255813953488
55c8a4c33a698c6010edcd9e,6,0.45995499624968744,9200,4.121,55670,0.1825787401574803,0.018982035928143712,0.13043478260869568,0.13330434782608697,0.0620344696351873,0.2,0.22093023255813954
58106cfce516491e6e5f1e53,2,0.45828819068255683,27500,4.156,15538,0.18799212598425194,0.017964071856287425,0.08695652173913045,0.08695652173913045,0.29799380198988745,0.0,0.4186046511627907
5acaf29d5ebcfd72403106a8,12,0.45245437119759974,4525,4.045,12309,0.19094488188976375,0.018982035928143712,0.12173913043478263,0.11886956521739131,0.02783667699668352,0.6000000000000001,0.22093023255813954
54af9c1428565a151043b6bf,3,0.416618051504292,16667,4.038,70773,0.3110236220472441,0.03191616766467066,0.0782608695652174,0.0753913043478261,0.3109335073125646,0.0,0.22093023255813954
557ed5b886d66519ff242099,4,0.416618051504292,12500,4.154,59903,0.26771653543307083,0.02694610778443114,0.0782608695652174,0.07608695652173914,0.11058554885010602,0.0,0.12790697674418605
5639cd9bddb94f103070ef9f,6,0.3832819401616801,7667,3.968,36361,0.3356299212598425,0.23850299401197603,0.7391304347826086,0.7406086956521739,0.08296634589245909,0.0,0.03488372093023254
5533c83986ff95173dc017d0,8,0.3591132594382865,5388,4.081,88193,0.3233267716535433,0.03371257485029941,0.08695652173913045,0.09026086956521741,0.035557005382482465,0.2,0.12790697674418605
58fdedf645f9b210f58c00cc,4,0.34244520376698057,10275,4.08,18877,0.2849409448818897,0.10928143712574852,0.30434782608695654,0.3021739130434783,0.12015440656771598,0.0,0.12790697674418605
53db691bd911395c8b2f92be,2,0.33327777314776225,20000,4.137,17760,0.4586614173228346,0.07185628742514971,0.34782608695652173,0.34782608695652173,0.4365247648561953,0.0,0.4186046511627907
5760bd976238335e38551943,2,0.33327777314776225,20000,4.168,19221,0.3110236220472441,0.029940119760479045,0.03478260869565218,0.03478260869565218,0.4840972108954494,0.0,0.4186046511627907
564d8a9ac0f55a1276cd96f8,8,0.30077506458871567,4513,4.106,42919,0.23966535433070865,0.13023952095808383,0.5565217391304348,0.5576521739130436,0.03501332028489099,0.8,0.569767441860465
566012f6769a5629aefca555,5,0.26660555046253853,6400,4.066,39381,0.44881889763779526,0.13053892215568863,0.2173913043478261,0.2173913043478261,0.06997227206002284,0.0,0.0697674418604651
57b03628c676b3573ba2a081,6,0.25998833236103003,5201,4.05,65189,0.29478346456692905,0.08880239520958083,0.4956521739130435,0.49713043478260877,0.04431033545370521,0.4000000000000001,0.4186046511627907
559d33adc605853731afbf10,4,0.2582715226268855,7750,4.0,13946,0.38484251968503935,0.038922155688622756,0.052173913043478265,0.052173913043478265,0.08128092208992552,0.0,0.12790697674418605
58330d7def56284f7634e5e5,3,0.2499374947912326,10000,3.936,5816,0.4586614173228346,0.04790419161676647,0.06956521739130436,0.06956521739130436,0.08041102593377916,0.2,0.6162790697674418
56dce88d21396a16a47eff39,3,0.2499374947912326,10000,4.188,80713,0.3110236220472441,0.4910179640718564,0.9478260869565217,0.9478260869565217,0.16152884249442723,0.0,0.22093023255813954
5705e40cfda6252c1a9db062,3,0.2499374947912326,10000,4.31,78616,0.5408464566929133,0.0558682634730539,0.060869565217391314,0.05800000000000001,0.14358723427390854,0.2,0.6162790697674418
5c74e493a0e25750b550e2a1,4,0.2499374947912326,7500,4.09,14095,0.21259842519685038,0.02245508982035928,0.1391304347826087,0.13478260869565217,0.053824824661556026,0.2,0.4186046511627907
583138b06339b410ab9663ec,9,0.23410284190349195,3122,4.007,80093,0.3887795275590551,0.09449101796407187,0.3130434782608696,0.3101739130434783,0.021203718806067525,0.4000000000000001,0.22093023255813954
5c7893301bcc452c015b5de4,4,0.2249354112842737,6750,3.925,12441,0.40944881889763773,0.041916167664670656,0.060869565217391314,0.060869565217391314,0.05349861360300114,0.0,0.12790697674418605
5763e55cc6053f5e70522ad7,5,0.217434786232186,5220,3.929,24564,0.29921259842519676,0.11856287425149702,0.30434782608695654,0.30260869565217396,0.059750992225303105,0.2,0.3023255813953488
5aa1f31308a2240a052e9a1a,4,0.2166013834486207,6500,3.872,8821,0.40944881889763773,0.040419161676646706,0.03478260869565218,0.03478260869565218,0.08356439949980972,0.0,0.12790697674418605
5cb636dda7173671aedef051,4,0.2166013834486207,6500,4.265,96838,0.22933070866141728,0.02095808383233533,0.026086956521739146,0.026086956521739146,0.05213940085902245,0.2,0.4186046511627907
5b160017daac45594728d9ba,6,0.20993416118009833,4200,3.909,10474,0.30265748031496065,0.030958083832335333,0.08695652173913045,0.08408695652173914,0.03876474745827217,0.6000000000000001,0.6162790697674418
58d109c5e3830f6bcb47e35d,4,0.20910075839653305,6275,3.939,35262,0.2618110236220472,0.11826347305389222,0.5217391304347826,0.5173913043478261,0.05154134725167183,0.0,0.12790697674418605
5660e53e769a564b3e3aeca0,2,0.20826735561296775,12500,3.999,20681,0.36023622047244097,0.038922155688622756,0.10434782608695653,0.10434782608695653,0.15272114391344532,0.0,0.4186046511627907
55cc4e1d845591103477a561,4,0.18409867488957413,5525,3.872,22711,0.5447834645669292,0.23053892215568864,0.7565217391304347,0.7521739130434782,0.020768770727994348,0.0,0.12790697674418605
55ed5a3362e273427107759e,4,0.18409867488957413,5525,3.981,12913,0.4709645669291338,0.1631736526946108,0.3739130434782609,0.3760869565217392,0.052846191485891376,0.0,0.12790697674418605
5bd29797d32ed5241007af46,3,0.18326527210600882,7333,3.881,3771,0.3110236220472441,0.029940119760479045,0.03478260869565218,0.03478260869565218,0.04164627847550699,0.0,0.22093023255813954
5ba2251b4315d12ebce873fa,5,0.18326527210600882,4400,4.0,5534,0.32874015748031493,0.13892215568862276,0.7478260869565218,0.7443478260869565,0.05056271407600718,0.2,0.3023255813953488
56458aa03a698c35c9050988,6,0.17826485540461706,3567,3.9,17752,0.19685039370078736,0.04988023952095809,0.4869565217391304,0.48547826086956525,0.05746751481541891,0.4000000000000001,0.4186046511627907
58131ddf6f55296033923a7c,4,0.17576464705392117,5275,4.201,90105,0.5693897637795275,0.5449101796407186,0.9043478260869565,0.9065217391304348,0.057630620344696355,0.2,0.4186046511627907
55769de4fa0be7249554bce2,2,0.17493124427035586,10500,3.998,40245,0.3356299212598425,0.03293413173652694,0.04347826086956523,0.04347826086956523,0.26711248844669166,0.0,0.4186046511627907
58b011e82e27bf506cee1ace,2,0.17493124427035586,10500,4.023,5281,0.38484251968503935,0.038922155688622756,0.052173913043478265,0.052173913043478265,0.06127331049855923,0.2,1.0
53e03f56ff4d6d36d2285ab0,2,0.17493124427035586,10500,4.069,25093,0.3110236220472441,0.532934131736527,0.9565217391304348,0.9565217391304348,0.2869026259990214,0.0,0.4186046511627907
59c8a909ae228e37ae159559,2,0.17493124427035586,10500,4.085,15076,0.36023622047244097,0.0658682634730539,0.4260869565217391,0.4260869565217391,0.03642690153862883,0.0,0.4186046511627907
556fc80f95528719e004fe8b,2,0.17493124427035586,10500,4.099,40616,0.3356299212598425,0.03293413173652694,0.04347826086956523,0.04347826086956523,0.19105094329364433,0.0,0.4186046511627907
563c5b3d05398a37780be2e2,2,0.17493124427035586,10500,4.19,8191,0.4832677165354331,0.6227544910179641,0.9391304347826087,0.9391304347826087,0.09302452019790138,0.0,0.4186046511627907
577fb2b368116418674befd9,5,0.16909742478539877,4060,4.138,66644,0.19340551181102364,0.01916167664670659,0.13043478260869568,0.12869565217391304,0.04061327679008318,0.2,0.3023255813953488
5ab3b592c3911a095ad5dadb,3,0.1682640220018335,6733,4.002,14482,0.21998031496062995,0.02197604790419162,0.16521739130434784,0.16234782608695653,0.040450171260805745,0.0,0.22093023255813954
5406c9c77f086e1be430d73e,5,0.1682640220018335,4040,4.204,246312,0.3700787401574802,0.041916167664670656,0.13043478260869568,0.13217391304347828,0.046050127765997935,0.2,0.3023255813953488
59b7d6e1eea5c510889ea754,3,0.16743061921826818,6700,3.874,9177,0.29478346456692905,0.09580838323353294,0.6608695652173913,0.658,0.05534714293481216,0.0,0.22093023255813954
5810aa5bde5bf01b645c909e,2,0.16743061921826818,10050,3.919,3791,0.08366141732283464,0.008982035928143714,0.19130434782608696,0.19130434782608696,0.04762681454901321,0.0,0.4186046511627907
56c6f731bc435416ed5984d7,2,0.16743061921826818,10050,4.017,40943,0.2002952755905512,0.17065868263473055,0.4956521739130435,0.491304347826087,0.08242266079486761,0.0,0.4186046511627907
5a018060448a526b450ddab8,2,0.16743061921826818,10050,4.153,8776,0.2864173228346456,0.029940119760479045,0.10434782608695653,0.10434782608695653,0.14657750231066166,0.0,0.4186046511627907
5b1522ab7b94e12ee3d455c9,3,0.16659721643470288,6667,3.85,4295,0.24163385826771652,0.02197604790419162,0.017391304347826098,0.017391304347826098,0.02984831185777198,0.0,0.22093023255813954
55e7e41e606d0a18fdfc67d1,3,0.16659721643470288,6667,4.268,61895,0.40944881889763773,0.041916167664670656,0.060869565217391314,0.05800000000000001,0.07203827543087044,0.0,0.22093023255813954
583e7f658108913bced6f8cf,3,0.16659721643470288,6667,4.29,9200,0.36023622047244097,0.035928143712574856,0.04347826086956523,0.046347826086956534,0.04904039580275105,0.0,0.22093023255813954
58216982dd9916453fe2d1a1,3,0.16659721643470288,6667,4.294,213709,0.20816929133858267,0.1497005988023952,0.8260869565217391,0.8289565217391304,0.07067906268689175,0.2,0.6162790697674418
570b68b9e902df590e48d196,1,0.16659721643470288,20000,4.017,11965,0.4586614173228346,0.4910179640718564,0.9130434782608695,0.9130434782608695,0.19420431685967487,0.0,1.0
59c0e0168696be51cef38e93,1,0.16659721643470288,20000,4.073,6714,0.21259842519685038,0.02395209580838324,0.1565217391304348,0.1565217391304348,0.14712118740825314,0.0,1.0
555f4174a4efd10ea5ebaa5f,1,0.16659721643470288,20000,4.097,200089,0.5570866141732284,0.16766467065868262,0.6521739130434783,0.6521739130434783,0.1859946718860436,0.0,1.0
5c0232c1d9333c676958674e,1,0.16659721643470288,20000,4.165,8501,0.2618110236220472,0.02395209580838324,0.017391304347826098,0.017391304347826098,0.10977002120371881,0.0,1.0
57edcd19252c15203b411d82,1,0.16659721643470288,20000,4.197,127966,0.19832677165354332,0.4910179640718564,0.9739130434782609,0.9739130434782609,0.25319414994834993,0.0,1.0
58183b4ea642e03dc54eda6e,1,0.16659721643470288,20000,4.205,48654,0.3110236220472441,0.4910179640718564,0.9478260869565217,0.9478260869565217,0.48714184744196165,0.0,1.0
53208a086fa88c662a693514,1,0.16659721643470288,20000,4.288,44067,0.5570866141732284,0.053892215568862284,0.0,0.0,0.23802533572554777,0.0,1.0
57875ba40cb30d38ba46f57d,1,0.16659721643470288,20000,4.31,58068,0.4586614173228346,0.2095808383233533,0.7739130434782608,0.7739130434782608,0.41298320013048445,0.0,1.0
57ff8c180fb8e31870c27d68,1,0.16659721643470288,20000,4.448,6719,0.3110236220472441,0.43712574850299407,0.9391304347826087,0.9391304347826087,0.285652150274561,0.0,1.0
5770ca6694fc5029d02c368a,2,0.16659721643470288,10000,3.901,12006,0.3110236220472441,0.029940119760479045,0.03478260869565218,0.03478260869565218,0.11248844669167618,0.0,0.4186046511627907
5810c46f02b01e15f8a10e38,2,0.16659721643470288,10000,3.938,7314,0.2091535433070866,0.02095808383233533,0.08695652173913045,0.08260869565217392,0.042788017180449084,0.0,0.4186046511627907
591c4e7f1a071f13df7a63ff,2,0.16659721643470288,10000,4.168,2050,0.3110236220472441,0.8263473053892216,0.9826086956521739,0.9826086956521739,0.10384385363997173,0.0,0.4186046511627907
53e442474497c57e900d7c64,2,0.16659721643470288,10000,4.194,3665,0.3110236220472441,0.08383233532934133,0.591304347826087,0.591304347826087,0.08639156200728539,0.0,0.4186046511627907
54125ab34ad3ab158c0f72d9,2,0.16659721643470288,10000,4.236,190918,0.4586614173228346,0.04790419161676647,0.06956521739130436,0.06956521739130436,0.09335073125645627,0.0,0.4186046511627907
5826f19f20a9402c37313979,2,0.16659721643470288,10000,4.307,5808,0.36023622047244097,0.04790419161676647,0.24347826086956523,0.24347826086956523,0.1406513347469146,0.0,0.4186046511627907
582833faea77701b456c786a,8,0.14492874406200518,2175,3.868,10600,0.1855314960629921,0.020239520958083835,0.1565217391304348,0.15547826086956523,0.017724134181482085,0.2,0.12790697674418605
59aaa4d39fbc514dc80328e3,4,0.14159513292774398,4250,3.899,17120,0.40944881889763773,0.09281437125748504,0.391304347826087,0.38913043478260867,0.031044419072473226,0.2,0.4186046511627907
5406cabdc5c2464980dc6314,4,0.12576048004000334,3775,4.167,139788,0.2741141732283464,0.12874251497005987,0.5652173913043479,0.5608695652173913,0.04197248953406187,0.0,0.12790697674418605
5ae90e716691361cdb40fb0b,4,0.12576048004000334,3775,4.275,5781,0.3233267716535433,0.12275449101796408,0.591304347826087,0.5869565217391305,0.03713369216549774,0.0,0.12790697674418605
569f632ed5f0840dda331a97,2,0.12492707725643802,7500,4.238,22765,0.40944881889763773,0.07485029940119761,0.3739130434782609,0.3695652173913043,0.07676833577991628,0.0,0.4186046511627907
57baf75f63834218e305e4f4,5,0.10909242436869739,2620,3.886,32858,0.39862204724409445,0.03952095808383234,0.052173913043478265,0.05565217391304349,0.04371228184635459,0.2,0.3023255813953488
59c86bce67e9be6f9da5cb03,4,0.10825902158513208,3250,4.03,37956,0.21751968503937005,0.24550898203592816,0.7217391304347825,0.717391304347826,0.03898222149730876,0.2,0.4186046511627907
556d0dc2c00cd721cce30dd1,3,0.09992499374947911,4000,3.996,25260,0.22883858267716536,0.02395209580838324,0.11304347826086958,0.11017391304347827,0.07780133746534007,0.0,0.22093023255813954
584bcf7bfef409603f39b619,3,0.09992499374947911,4000,4.018,35358,0.2106299212598425,0.02592814371257485,0.22608695652173916,0.22321739130434784,0.033654107540912304,0.0,0.22093023255813954
566eaa533a698c6442549a74,4,0.09992499374947911,3000,3.947,5083,0.28149606299212593,0.1377245508982036,0.4869565217391304,0.4826086956521739,0.02658620127222313,0.2,0.4186046511627907
565c13ad389b9b2df29caa32,4,0.09992499374947911,3000,4.137,11505,0.21801181102362202,0.056886227544910184,0.4434782608695652,0.4434782608695652,0.01696297504485402,0.0,0.12790697674418605
5667f9745eec70268023940b,5,0.09325777148095674,2240,3.947,130598,0.41830708661417326,0.0658682634730539,0.19130434782608696,0.1930434782608696,0.02375903876474746,0.2,0.3023255813953488
58cfdefdacb37b556efdff7c,4,0.09242436869739144,2775,4.02,23832,0.34793307086614167,0.04491017964071857,0.2173913043478261,0.2173913043478261,0.017397923122927202,0.2,0.4186046511627907
5832e5632f5e534c23488f06,4,0.09242436869739144,2775,4.101,18029,0.4832677165354331,0.09431137724550899,0.33043478260869563,0.32608695652173914,0.02832599358451585,0.0,0.12790697674418605
55542b4b662da7114d591723,3,0.09159096591382614,3667,4.102,67171,0.3110236220472441,0.035928143712574856,0.16521739130434784,0.16521739130434784,0.05377045615179688,0.4000000000000001,1.0
5829d1ca96db262f04db2063,2,0.09159096591382614,5500,3.85,5934,0.3110236220472441,0.35029940119760483,0.7652173913043478,0.7608695652173912,0.022291089001250475,0.0,0.4186046511627907
53994751796f684b7f2193b5,2,0.09159096591382614,5500,3.973,45524,0.25836614173228345,0.12275449101796408,0.5130434782608696,0.5086956521739131,0.018159082259555266,0.0,0.4186046511627907
58481b8e728de666bd5b925f,2,0.09159096591382614,5500,4.193,20387,0.655511811023622,0.7365269461077845,0.9217391304347826,0.9217391304347826,0.07307127711629424,0.0,0.4186046511627907
57c306d73a698c06f98ed450,4,0.08492374364530376,2550,4.114,9827,0.2864173228346456,0.11377245508982038,0.7217391304347825,0.7217391304347825,0.016854238025335727,0.2,0.4186046511627907
57fde031235aaa1926afe803,3,0.08409034086173847,3367,4.014,15348,0.24557086614173226,0.15167664670658682,0.6,0.6028695652173913,0.016636763986299135,0.0,0.22093023255813954
5b24b6bdd1c3601ba899f0c0,1,0.08325693807817316,10000,3.795,6158,0.5078740157480315,0.053892215568862284,0.0782608695652174,0.0782608695652174,0.06937421845267222,0.0,1.0
5b14bc7ddaac4575492a01c5,1,0.08325693807817316,10000,3.872,12371,0.4586614173228346,0.10778443113772455,0.5478260869565218,0.5478260869565218,0.15446093622573806,0.0,1.0
59a2e74a8696be0eeb7a7ba9,1,0.08325693807817316,10000,3.897,8563,0.3110236220472441,0.029940119760479045,0.03478260869565218,0.03478260869565218,0.07975860381666938,0.0,1.0
5833f721e18c0f15d659a8ed,1,0.08325693807817316,10000,3.961,4019,0.3110236220472441,0.029940119760479045,0.03478260869565218,0.03478260869565218,0.05909857010819334,0.0,1.0
5620c3b23a698c4bc7d17e8c,1,0.08325693807817316,10000,3.985,19521,0.5078740157480315,0.053892215568862284,0.0782608695652174,0.0782608695652174,0.19355189474256512,0.0,1.0
570ceafac277d445e3cbebe5,1,0.08325693807817316,10000,4.053,7356,0.3110236220472441,0.029940119760479045,0.03478260869565218,0.03478260869565218,0.07133148480400152,0.0,1.0
5556c60071e86d19fe7590d4,1,0.08325693807817316,10000,4.055,5993,0.21259842519685038,0.029940119760479045,0.28695652173913044,0.28695652173913044,0.06730821508182461,0.0,1.0
5730557ae3daeb5b35ee1f0b,1,0.08325693807817316,10000,4.074,10665,0.21259842519685038,0.035928143712574856,0.3739130434782609,0.3739130434782609,0.054912194856738976,0.0,1.0
573d951ad57895595f6d5854,1,0.08325693807817316,10000,4.077,13399,0.3110236220472441,0.029940119760479045,0.03478260869565218,0.03478260869565218,0.1415755994128201,0.0,1.0
5b52ea49b56d05463d973207,1,0.08325693807817316,10000,4.085,6651,0.3110236220472441,0.11976047904191618,0.7130434782608696,0.7130434782608696,0.04914913282226934,0.0,1.0
56c3c5d830d9795c3bad3124,1,0.08325693807817316,10000,4.148,14502,0.5570866141732284,0.053892215568862284,0.0,0.0,0.1577230468112869,0.0,1.0
59b88527b77173631729908e,1,0.08325693807817316,10000,4.149,21412,0.11417322834645668,0.011976047904191617,0.1565217391304348,0.1565217391304348,0.07676833577991628,0.0,1.0
56e6928521790d587623b3b4,1,0.08325693807817316,10000,4.151,27055,0.16338582677165353,0.017964071856287425,0.1565217391304348,0.1565217391304348,0.17441417930734518,0.0,1.0
5acc6cc0c3911a32ad141f60,1,0.08325693807817316,10000,4.162,8727,0.2618110236220472,0.041916167664670656,0.35652173913043483,0.35652173913043483,0.0999293209373131,0.0,1.0
5ae5c3cb4215954239aff8b9,1,0.08325693807817316,10000,4.188,2359,0.21259842519685038,0.04790419161676647,0.5043478260869565,0.5043478260869565,0.08133529059968467,0.0,1.0
58ffff331a1cef16a78c78f4,1,0.08325693807817316,10000,4.203,22173,0.5570866141732284,0.4910179640718564,0.8956521739130435,0.8956521739130435,0.1265698907192954,0.0,1.0
598040ea0ec30f7f43a3cc35,1,0.08325693807817316,10000,4.209,4295,0.36023622047244097,0.035928143712574856,0.052173913043478265,0.052173913043478265,0.16441037351166204,0.0,1.0
551c02310570552bbd036dbb,1,0.08325693807817316,10000,4.259,20169,0.3110236220472441,0.053892215568862284,0.4,0.4,0.1818626651443484,0.0,1.0
591a999d1a071f7e40e984a4,1,0.08325693807817316,10000,4.301,17621,0.7047244094488189,0.07185628742514971,0.03478260869565218,0.03478260869565218,0.16718316750937856,0.0,1.0
5577b101429aa92940bc33e7,1,0.08325693807817316,10000,4.314,33675,0.21259842519685038,0.02395209580838324,0.1565217391304348,0.1565217391304348,0.1526667754036862,0.0,1.0
585037af728de662411bd39a,2,0.08325693807817316,5000,3.775,6876,0.3356299212598425,0.035928143712574856,0.12173913043478263,0.1173913043478261,0.026423095742945688,0.0,0.4186046511627907
5646e6e72a6bdb446aaf6cc8,2,0.08325693807817316,5000,3.88,20037,0.4586614173228346,0.04790419161676647,0.06956521739130436,0.06956521739130436,0.021856140923177295,0.0,0.4186046511627907
58d20e95c7b73b52c9670c22,2,0.08325693807817316,5000,4.048,32778,0.16338582677165353,0.02395209580838324,0.30434782608695654,0.30434782608695654,0.04479965204153754,0.0,0.4186046511627907
56c55a76cce1893c1b8a1716,2,0.08325693807817316,5000,4.07,5019,0.16338582677165353,0.035928143712574856,0.4869565217391304,0.4869565217391304,0.04061327679008318,0.0,0.4186046511627907
5b658cbebc3b221445ba1440,2,0.08325693807817316,5000,4.082,8547,0.2618110236220472,0.940119760479042,0.991304347826087,0.991304347826087,0.08872940792692872,0.0,0.4186046511627907
599bf53b21064f19ffffc891,2,0.08325693807817316,5000,4.124,13127,0.40944881889763773,0.09580838323353294,0.4173913043478261,0.4130434782608696,0.014951340183765564,0.0,0.4186046511627907
57fc688ffcd3bb1955cb6f31,2,0.08325693807817316,5000,4.217,8242,0.2618110236220472,0.1437125748502994,0.8,0.8,0.029467732289457947,0.0,0.4186046511627907
58a6b5d975b8da57c954c719,2,0.08325693807817316,5000,4.286,99283,0.1510826771653543,0.014970059880239521,0.12173913043478263,0.12173913043478263,0.04072201380960148,0.0,0.4186046511627907
5495976a40b3782bc8b3654a,4,0.06658888240686724,2000,3.954,73271,0.39714566929133854,0.055389221556886234,0.2,0.20217391304347826,0.030609470994400045,0.0,0.12790697674418605
5ae296b6cd968d66be12d247,3,0.058254854571214265,2333,4.062,3592,0.34399606299212593,0.1337125748502994,0.391304347826087,0.3884347826086957,0.014462023595933236,0.0,0.22093023255813954
58311e2257e86a1b8863f74c,4,0.051587632302691894,1550,3.968,7076,0.3356299212598425,0.18562874251497005,0.4695652173913044,0.46739130434782605,0.010493122383515468,0.4000000000000001,0.7093023255813953
58a99ceca65ebc504a6ebf1e,4,0.050087507292274354,1505,3.966,27175,0.357775590551181,0.24401197604790417,0.4782608695652174,0.4782608695652174,0.017669765671722938,0.0,0.12790697674418605
58b92804935861529969e778,3,0.05000416701391783,2003,4.254,6357,0.21112204724409447,0.019940119760479044,0.060869565217391314,0.06373913043478262,0.010710596422552059,0.2,0.6162790697674418
58d0c52c19bf8b6b34178db0,2,0.049920826735561294,3000,4.268,30225,0.38484251968503935,0.35329341317365276,0.8695652173913043,0.8652173913043478,0.05355298211276029,0.0,0.4186046511627907
5268759b736046671957190c,5,0.044920410034169515,1080,3.838,91631,0.031003937007874016,0.04790419161676647,0.808695652173913,0.8104347826086956,0.010166911324960583,0.2,0.3023255813953488
55f7c64b3a698c4749f3bccf,4,0.04367030585882157,1313,4.074,14676,0.2987204724409449,0.0688622754491018,0.26086956521739135,0.2565217391304348,0.01674550100581743,0.0,0.12790697674418605
566a47bfe9fa8a31b3ef5141,5,0.04367030585882157,1050,4.002,25222,0.25196850393700787,0.18203592814371256,0.7478260869565218,0.7478260869565218,0.015168814222802153,0.2,0.3023255813953488
54d83b6b6b8a771e478558de,3,0.04325360446703892,1733,3.696,4435,0.06496062992125984,0.2674850299401198,0.9565217391304348,0.959391304347826,0.02876094166258903,0.0,0.22093023255813954
53f6b7c81c105e2dfac91041,3,0.04325360446703892,1733,4.301,225438,0.34399606299212593,0.035928143712574856,0.09565217391304348,0.0985217391304348,0.019898874571847986,0.0,0.22093023255813954
5963882dd9b42511248ca27d,2,0.04242020168347362,2550,3.854,2363,0.4576771653543307,0.04790419161676647,0.10434782608695653,0.1,0.02000761159136628,0.0,0.4186046511627907
583e3e7a5022c71b82d1b18c,2,0.04242020168347362,2550,4.236,2199,0.22933070866141728,0.0688622754491018,0.4,0.4,0.02310661664763769,0.0,0.4186046511627907
5817f156d8ef7848c3b400cc,2,0.04242020168347362,2550,4.386,73595,0.4832677165354331,0.7574850299401198,0.9478260869565217,0.9434782608695652,0.015060077203283858,0.2,1.0
5ae2fae49d5e9703cfd6b63c,1,0.04158679889990832,5000,3.843,4830,0.4586614173228346,0.08982035928143714,0.4695652173913044,0.4695652173913044,0.03762300875333007,0.0,1.0
59e6e21337f9f80861ee895f,1,0.04158679889990832,5000,3.864,7631,0.3110236220472441,0.28742514970059885,0.8869565217391304,0.8869565217391304,0.05746751481541891,0.0,1.0
5a6166cbedd44230ea9c60dc,1,0.04158679889990832,5000,3.904,2510,0.3110236220472441,0.029940119760479045,0.03478260869565218,0.03478260869565218,0.04762681454901321,0.0,1.0
5b96067f42ebca48f6c041e8,1,0.04158679889990832,5000,3.911,4571,0.5570866141732284,0.08982035928143714,0.3652173913043478,0.3652173913043478,0.04305985972924482,0.0,1.0
578e02bec0e9340e993d13f4,1,0.04158679889990832,5000,3.946,5365,0.3110236220472441,0.029940119760479045,0.03478260869565218,0.03478260869565218,0.01679986951557658,0.0,1.0
576518fcf093bd5e79c5e351,1,0.04158679889990832,5000,3.946,17244,0.5570866141732284,0.29341317365269465,0.808695652173913,0.808695652173913,0.006904800739411733,0.0,1.0
54f804901c36ca266909d090,1,0.04158679889990832,5000,3.96,15173,0.8523622047244094,0.08982035928143714,0.060869565217391314,0.060869565217391314,0.06323057684988855,0.0,1.0
5b5a8a32f114fc2a4ca301d3,1,0.04158679889990832,5000,3.96,7874,0.6062992125984251,0.1497005988023952,0.5826086956521739,0.5826086956521739,0.0783993910726907,0.0,1.0
58160e10f870301b4bff64fc,1,0.04158679889990832,5000,3.986,3915,0.36023622047244097,0.035928143712574856,0.052173913043478265,0.052173913043478265,0.04773555156853151,0.0,1.0
5825d0a72cf1425389672c35,1,0.04158679889990832,5000,4.002,12574,0.3110236220472441,0.029940119760479045,0.03478260869565218,0.03478260869565218,0.0315881041700647,0.0,1.0
53e4bb20ff4d6d1b68bdb6d1,1,0.04158679889990832,5000,4.071,253249,0.09793307086614172,0.041916167664670656,0.6782608695652174,0.6782608695652174,0.027727939977165227,0.0,1.0
5641e263906c9c12737e6725,1,0.04158679889990832,5000,4.089,5534,0.1953740157480315,0.041916167664670656,0.4869565217391304,0.4869565217391304,0.0544772467786658,0.0,1.0
530306fe34067e3f15c41d87,1,0.04158679889990832,5000,4.093,9116,0.8523622047244094,0.11377245508982038,0.24347826086956523,0.24347826086956523,0.08486924373402925,0.0,1.0
585f9ac5d7d14e4d51c16d4e,1,0.04158679889990832,5000,4.135,33705,0.2618110236220472,0.041916167664670656,0.35652173913043483,0.35652173913043483,0.06355678790844344,0.0,1.0
5435ef5d01c0c057210e6b32,1,0.04158679889990832,5000,4.231,228676,0.7047244094488189,0.19161676646706588,0.6173913043478261,0.6173913043478261,0.08764203773174578,0.0,1.0
59e968275d6f342463a6157b,1,0.04158679889990832,5000,4.237,24306,0.5570866141732284,0.3952095808383234,0.8608695652173913,0.8608695652173913,0.05953351818626652,0.0,1.0
53c62f6b46188e177eb57b6d,1,0.04158679889990832,5000,4.267,12083,0.7047244094488189,0.3233532934131737,0.782608695652174,0.782608695652174,0.0424618061218942,0.0,1.0
578e0488ba8cd20e9b1b4a3b,1,0.04158679889990832,5000,4.297,13510,0.16338582677165353,0.017964071856287425,0.1565217391304348,0.1565217391304348,0.05507530038601642,0.0,1.0
589ae185ad330a4feb2b6dd5,1,0.04158679889990832,5000,4.299,68339,0.3110236220472441,0.029940119760479045,0.03478260869565218,0.03478260869565218,0.14880661121078673,0.0,1.0
545c2b1790c776172b72d5ab,4,0.03325277106425536,1000,4.057,47356,0.5570866141732284,0.055389221556886234,0.026086956521739146,0.026086956521739146,0.022127983471973034,0.2,0.4186046511627907
5aa78a0c75599a5bd049d682,5,0.026585548795732977,640,4.033,5264,0.3700787401574802,0.053892215568862284,0.30434782608695654,0.30086956521739133,0.014190181047137498,0.0,0.0697674418604651
5ae00dbf67d25c69bcf0251c,4,0.02575214601216768,775,4.195,4811,0.4832677165354331,0.12425149700598805,0.2782608695652174,0.2739130434782609,0.009079541129777633,0.2,0.4186046511627907
5e5363458cd99e4035bcd1c8,3,0.02491874322860238,1000,3.96,703,0.3415354330708661,0.36526946107784436,0.9043478260869565,0.9072173913043478,0.004675691839286685,0.0,0.22093023255813954
56fba259138ef73c2a749a56,6,0.019918326527210598,400,3.959,5654,0.07086614173228348,0.007964071856287426,0.2347826086956522,0.2319130434782609,0.005273745446637308,0.4000000000000001,0.4186046511627907
5177b0b63feb620dd802a197,5,0.019084923743645302,460,3.79,105015,0.2534448818897638,0.02754491017964072,0.16521739130434784,0.16521739130434784,0.00347958462458544,0.2,0.3023255813953488
5d5256c527752b19063d8c53,5,0.019084923743645302,460,3.943,247,0.2878937007874016,0.02874251497005988,0.09565217391304348,0.09565217391304348,0.0027727939977165226,0.2,0.3023255813953488
5d4a717070327a03c1e7644e,5,0.018668222351862655,450,3.797,3762,0.21407480314960628,0.029940119760479045,0.33913043478260874,0.3408695652173913,0.001848529331811015,0.6000000000000001,0.7674418604651163
5952a218e81e8a4c30b5bbbc,4,0.018251520960080005,550,3.957,9470,0.23080708661417323,0.02095808383233533,0.026086956521739146,0.02391304347826087,0.010710596422552059,0.0,0.12790697674418605
5ae7cee3a71fbf0725de5d43,4,0.018251520960080005,550,4.003,2044,0.20718503937007873,0.11676646706586828,0.6782608695652174,0.6739130434782609,0.00456695481976839,0.2,0.4186046511627907
570e15d2a18a3f5bc5285b9d,3,0.01741811817651471,700,3.953,7858,0.23966535433070865,0.07586826347305389,0.5304347826086957,0.5304347826086957,0.012776599793399663,0.0,0.22093023255813954
56c6a33fabb774437118cd63,3,0.01741811817651471,700,3.965,7936,0.21259842519685038,0.02197604790419162,0.13043478260869568,0.13043478260869568,0.004675691839286685,0.0,0.22093023255813954
58c35950e2de036da9e2b570,3,0.01741811817651471,700,4.064,38985,0.3932086614173228,0.27544910179640725,0.7217391304347825,0.7246086956521739,0.019518295003533952,0.0,0.22093023255813954
5abb2cf26be8733b5bf6844f,3,0.01741811817651471,700,4.117,31138,0.09104330708661415,0.027964071856287426,0.5739130434782609,0.5767826086956521,0.004675691839286685,0.0,0.22093023255813954
58259c456ebae74739ecfdc8,3,0.01741811817651471,700,4.15,2248,0.3932086614173228,0.041916167664670656,0.10434782608695653,0.10434782608695653,0.013537758930027729,0.2,0.6162790697674418
5eba4507ad610e0589cab8c3,2,0.016584715392949412,1000,3.677,232,0.21259842519685038,0.04790419161676647,0.5043478260869565,0.5043478260869565,0.0047300603490458325,0.0,0.4186046511627907
583512a3b63b3b249b0acc46,2,0.016584715392949412,1000,3.862,25914,0.21259842519685038,0.2694610778443114,0.9217391304347826,0.9217391304347826,0.007285380307725765,0.0,0.4186046511627907
547d7e413b64451274068583,2,0.016584715392949412,1000,3.895,25631,0.2052165354330708,0.0658682634730539,0.6347826086956522,0.6347826086956522,0.0327298428750068,0.0,0.4186046511627907
5440e3d7f8abc82cbd97b19c,2,0.016584715392949412,1000,3.908,87178,0.4586614173228346,0.8982035928143713,0.9652173913043478,0.9652173913043478,0.043929755885391185,0.0,0.4186046511627907
546d44001280fa3ce1bf80fa,2,0.016584715392949412,1000,3.91,20478,0.5078740157480315,0.08982035928143714,0.4173913043478261,0.4173913043478261,0.0055999565051921925,0.0,0.4186046511627907
566a25e33a698c1f131fd872,2,0.016584715392949412,1000,3.949,36913,0.2864173228346456,0.053892215568862284,0.4173913043478261,0.4130434782608696,0.0032077420757897026,0.0,0.4186046511627907
5a5c78ee9d0a7b724c6535fa,2,0.016584715392949412,1000,3.965,3373,0.36023622047244097,0.37724550898203596,0.9130434782608695,0.9130434782608695,0.008807698580981895,0.0,0.4186046511627907
5b8e776e2eb51f7a5900a88a,2,0.016584715392949412,1000,3.965,1322,0.3110236220472441,0.029940119760479045,0.03478260869565218,0.03478260869565218,0.02027945414016202,0.0,0.4186046511627907
5d47dd864f7ba75f53d67c7c,2,0.016584715392949412,1000,4.012,1290,0.2618110236220472,0.28742514970059885,0.9043478260869565,0.9043478260869565,0.002664056978198228,0.0,0.4186046511627907
58fde9517c09181253b0ef86,2,0.016584715392949412,1000,4.013,9341,0.2618110236220472,0.02395209580838324,0.017391304347826098,0.017391304347826098,0.013320284890991138,0.0,0.4186046511627907
58c921126c30436b692b1ead,2,0.016584715392949412,1000,4.039,16523,0.4586614173228346,0.18862275449101795,0.4434782608695652,0.4434782608695652,0.031316261621268965,0.0,0.4186046511627907
58c910072be00b51c601ccee,2,0.016584715392949412,1000,4.057,6715,0.40944881889763773,0.18862275449101795,0.4608695652173913,0.4608695652173913,0.007067906268689176,0.0,0.4186046511627907
5d410bd1fe55c814ade29a1c,2,0.016584715392949412,1000,4.109,612,0.3110236220472441,0.029940119760479045,0.03478260869565218,0.03478260869565218,0.006415484151579405,0.0,0.4186046511627907
548142ac653d51041ac1174f,2,0.016584715392949412,1000,4.173,10377,0.2047244094488189,0.053892215568862284,0.5652173913043479,0.5652173913043479,0.016691132496058282,0.0,0.4186046511627907
5938c5a58e5b2e6601f01c6f,2,0.016584715392949412,1000,4.184,6775,0.655511811023622,0.3952095808383234,0.8347826086956521,0.8347826086956521,0.029685206328494536,0.0,0.4186046511627907
5abf36d540626a753e8fc18a,2,0.016584715392949412,1000,4.288,3883,0.16338582677165353,0.017964071856287425,0.1565217391304348,0.1565217391304348,0.023650301745229165,0.0,0.4186046511627907
590f2995f3d19c2cba264414,2,0.016584715392949412,1000,4.325,2792,0.16338582677165353,0.017964071856287425,0.1565217391304348,0.1565217391304348,0.0016854238025335725,0.0,0.4186046511627907
5901f6c2a8e3eb2aca4b5559,2,0.016584715392949412,1000,4.331,4508,0.5078740157480315,0.11976047904191618,0.5565217391304348,0.5521739130434783,0.014027075517860055,0.2,1.0
59aebfa350df6107c1eff8c8,2,0.016584715392949412,1000,4.382,13625,0.2618110236220472,0.16766467065868262,0.8260869565217391,0.8260869565217391,0.009731963246887403,0.0,0.4186046511627907
5b4028d56385741bff3b9163,2,0.016584715392949412,1000,4.391,6187,0.2062007874015748,0.053892215568862284,0.5652173913043479,0.5652173913043479,0.011363018539661828,0.0,0.4186046511627907
5de0981739adf2a3406bed18,4,0.010750895907992332,325,3.729,288,0.42175196850393704,0.041916167664670656,0.04347826086956523,0.04347826086956523,0.005491219485673898,0.2,0.4186046511627907
54db03867851097093c0efe7,4,0.010750895907992332,325,3.852,8989,0.3356299212598425,0.03293413173652694,0.04347826086956523,0.039130434782608706,0.00500190289784157,0.0,0.12790697674418605
5aab3c8ea6bf7a704caec65c,4,0.010750895907992332,325,3.953,17471,0.28001968503937,0.02694610778443114,0.03478260869565218,0.03260869565217392,0.009677594737128255,0.0,0.12790697674418605
593fcbd5ff3e807d6a8485ff,4,0.010750895907992332,325,4.024,12919,0.2618110236220472,0.02544910179640719,0.09565217391304348,0.09565217391304348,0.0011961072147012451,0.0,0.12790697674418605
55dc300452a04b658ad68139,3,0.009917493124427034,400,3.895,26473,0.33759842519685035,0.1317365269461078,0.5826086956521739,0.5797391304347826,0.00935138367857337,0.0,0.22093023255813954
5836e38728f25753fe6af6a8,3,0.009917493124427034,400,4.033,45151,0.5408464566929133,0.053892215568862284,0.026086956521739146,0.026086956521739146,0.011254281520143534,0.0,0.22093023255813954
58a6f92596f1bb57c40b0d56,3,0.009917493124427034,400,4.048,7627,0.469488188976378,0.053892215568862284,0.1739130434782609,0.1739130434782609,0.009895068776164846,0.0,0.22093023255813954
5b0b907d59206904541886cf,3,0.009917493124427034,400,4.218,514,0.7047244094488189,0.07185628742514971,0.03478260869565218,0.03478260869565218,0.005273745446637308,0.0,0.22093023255813954
58b7d6dd3c18975a18817d64,3,0.009917493124427034,400,4.277,794,0.3932086614173228,0.03994011976047904,0.052173913043478265,0.052173913043478265,0.00326211058554885,0.0,0.22093023255813954
575cfe470551415caa5505b5,3,0.009500791732644386,383,4.11,9395,0.24557086614173226,0.14568862275449102,0.817391304347826,0.8145217391304348,0.011199913010384385,0.0,0.22093023255813954
5d462e58f320403871a78593,2,0.009084090340861738,550,3.838,2055,0.2864173228346456,0.02694610778443114,0.026086956521739146,0.026086956521739146,0.005056271407600718,0.0,0.4186046511627907
58aec90823ef726994a323fe,2,0.009084090340861738,550,3.867,12134,0.23523622047244094,0.02095808383233533,0.008695652173913049,0.008695652173913049,0.013211547871472844,0.0,0.4186046511627907
5e548120207f9d0685eec2ea,2,0.009084090340861738,550,3.992,484,0.0044291338582677225,0.02095808383233533,0.5565217391304348,0.5521739130434783,0.003370847605067145,0.0,0.4186046511627907
5d5f4780bd01a83fca39e0db,2,0.009084090340861738,550,4.007,1373,0.0059055118110236254,0.1407185628742515,0.9739130434782609,0.9695652173913043,0.0011961072147012451,0.0,0.4186046511627907
5d40ffe372b0c94d00f6c1f0,2,0.009084090340861738,550,4.039,1559,0.18061023622047243,0.017964071856287425,0.12173913043478263,0.12173913043478263,0.005926167563747078,0.0,0.4186046511627907
5a9e3a01ccf0c80c2d372870,2,0.009084090340861738,550,4.054,9857,0.1796259842519685,0.017964071856287425,0.10434782608695653,0.1,0.007122274778448323,0.0,0.4186046511627907
556425de56aea60ea1d17778,2,0.009084090340861738,550,4.094,11401,0.2618110236220472,0.15868263473053892,0.5043478260869565,0.5043478260869565,0.003751427173381178,0.0,0.4186046511627907
583658e928f25754106ae102,2,0.009084090340861738,550,4.234,15551,0.6062992125984251,0.5598802395209581,0.9043478260869565,0.9,0.006252378622301963,0.0,0.4186046511627907
5b29ff427752c84390ed6ecf,2,0.00866738894907909,525,4.003,4773,0.3356299212598425,0.3413173652694611,0.8956521739130435,0.8956521739130435,0.0013592127439786875,0.0,0.4186046511627907
5d3d857c0ff7f937558c4dd1,1,0.008250687557296441,1000,3.626,265,0.1077755905511811,0.011976047904191617,0.19130434782608696,0.19130434782608696,0.003370847605067145,0.0,1.0
5ba0fe4673d934503a6cb6ad,1,0.008250687557296441,1000,3.766,667,0.4586614173228346,0.053892215568862284,0.1565217391304348,0.1565217391304348,0.012124177676289894,0.0,1.0
57878a7316b28907b9b50131,1,0.008250687557296441,1000,3.855,15812,0.21259842519685038,0.11976047904191618,0.7913043478260869,0.7913043478260869,0.0025553199586799327,0.0,1.0
5d3be81670327a1a4ffce08e,1,0.008250687557296441,1000,3.883,2072,0.10925196850393701,0.017964071856287425,0.34782608695652173,0.34782608695652173,0.003099005056271408,0.0,1.0
564b2fb5c126a0127af8441e,1,0.008250687557296441,1000,3.905,10320,0.16338582677165353,0.017964071856287425,0.1565217391304348,0.1565217391304348,0.005545587995433045,0.0,1.0
5de7a6aa4c9c821f67c14ac3,1,0.008250687557296441,1000,3.942,171,0.5570866141732284,0.10179640718562875,0.4347826086956522,0.4347826086956522,0.008209644973631273,0.0,1.0
5d5b651b283abc16408fff54,1,0.008250687557296441,1000,3.942,365,0.0,0.0,0.2956521739130435,0.2956521739130435,0.0027727939977165226,0.0,1.0
55f982b029624842ab599cc3,1,0.008250687557296441,1000,3.95,2685,0.21259842519685038,0.029940119760479045,0.28695652173913044,0.28695652173913044,0.014027075517860055,0.0,1.0
583998c51591454a04a79709,1,0.008250687557296441,1000,3.96,40457,0.6062992125984251,0.0598802395209581,0.017391304347826098,0.017391304347826098,0.02979394334801283,0.0,1.0
5a031e9c9aee09542077d074,1,0.008250687557296441,1000,3.967,12763,0.2618110236220472,0.28742514970059885,0.9043478260869565,0.9043478260869565,0.02218235198173218,0.0,1.0
57ee6909567a8d101913df98,1,0.008250687557296441,1000,3.979,18831,0.5078740157480315,0.053892215568862284,0.0782608695652174,0.0782608695652174,0.02326972217691513,0.0,1.0
58d3828699637874f89eb45a,1,0.008250687557296441,1000,3.982,33303,0.4586614173228346,0.11377245508982038,0.5739130434782609,0.5739130434782609,0.02963083781873539,0.0,1.0
5b164e4c7e43f2326c3e3931,1,0.008250687557296441,1000,3.985,6731,0.2618110236220472,0.24550898203592816,0.8869565217391304,0.8869565217391304,0.007067906268689176,0.0,1.0
5b4d6eb88a5b7b24519e69ad,1,0.008250687557296441,1000,3.989,5422,0.3110236220472441,0.28143712574850305,0.8869565217391304,0.8869565217391304,0.008372750502908715,0.0,1.0
5700e2be27992f63cdca2dca,1,0.008250687557296441,1000,3.995,8484,0.16338582677165353,0.035928143712574856,0.4869565217391304,0.4869565217391304,0.0016854238025335725,0.0,1.0
547465748edcfa6ceab14f70,1,0.008250687557296441,1000,4.004,73119,0.4586614173228346,0.04790419161676647,0.06956521739130436,0.06956521739130436,0.012015440656771598,0.0,1.0
59a6cc4b21064f78b1bef62f,1,0.008250687557296441,1000,4.006,5226,0.3110236220472441,0.035928143712574856,0.1565217391304348,0.1565217391304348,0.03631816451911053,0.0,1.0
56effd3864d54a58a619bdb1,1,0.008250687557296441,1000,4.008,639,0.5078740157480315,0.17365269461077845,0.6956521739130435,0.6956521739130435,0.01870276735714674,0.0,1.0
584ae0173961b64ca9b426b1,1,0.008250687557296441,1000,4.017,4233,0.21259842519685038,0.11976047904191618,0.7913043478260869,0.7913043478260869,0.028162888055238408,0.0,1.0
5ad16178db5f1f07107a5401,1,0.008250687557296441,1000,4.057,3950,0.3110236220472441,0.029940119760479045,0.03478260869565218,0.03478260869565218,0.00674169521013429,0.0,1.0
58748c070e230b22a1ab5bc2,1,0.008250687557296441,1000,4.061,1369,0.2618110236220472,0.02395209580838324,0.017391304347826098,0.017391304347826098,0.024030881313543195,0.0,1.0
583edf165022c71b82d1d6c7,1,0.008250687557296441,1000,4.064,4048,0.5570866141732284,0.0658682634730539,0.1565217391304348,0.1565217391304348,0.018050345240036972,0.0,1.0
5948c9761f2f0f2efb675fa4,1,0.008250687557296441,1000,4.072,6623,0.3110236220472441,0.029940119760479045,0.03478260869565218,0.03478260869565218,0.006034904583265372,0.0,1.0
5858d328e18c0f7603a08e1f,1,0.008250687557296441,1000,4.08,72885,0.06496062992125984,0.017964071856287425,0.5043478260869565,0.5043478260869565,0.017778502691241233,0.0,1.0
585a45a3ef562825c60e0c71,1,0.008250687557296441,1000,4.08,2867,0.3110236220472441,0.16766467065868262,0.8,0.8,0.003533953134344588,0.0,1.0
5aec1dd2c96bb815b802df67,1,0.008250687557296441,1000,4.09,1761,0.3110236220472441,0.035928143712574856,0.1565217391304348,0.1565217391304348,0.010166911324960583,0.0,1.0
55d480c092e9ba1242bd816a,1,0.008250687557296441,1000,4.095,15948,0.16338582677165353,0.017964071856287425,0.1565217391304348,0.1565217391304348,0.01370086445930517,0.0,1.0
5b6bb6d7790f1a0d8a416c03,1,0.008250687557296441,1000,4.101,6256,0.5570866141732284,0.24550898203592816,0.7652173913043478,0.7652173913043478,0.003533953134344588,0.0,1.0
5cd6743c8da3ad22253d937f,1,0.008250687557296441,1000,4.126,2745,0.3110236220472441,0.029940119760479045,0.03478260869565218,0.03478260869565218,0.014516392105692383,0.0,1.0
5b08f027c2586968afffb44f,1,0.008250687557296441,1000,4.136,5880,0.4586614173228346,0.08982035928143714,0.4695652173913044,0.4695652173913044,0.025118251508726146,0.0,1.0
5b420ce3d9b2a4418b74ae31,1,0.008250687557296441,1000,4.146,2116,0.8031496062992126,0.08383233532934133,0.052173913043478265,0.052173913043478265,0.02593377915511336,0.0,1.0
5b7ecbfa7956ef54b750df16,1,0.008250687557296441,1000,4.147,9341,0.9999999999999999,1.0,0.9130434782608695,0.9130434782608695,0.029467732289457947,0.0,1.0
5853765779b45e0b58ad30f4,1,0.008250687557296441,1000,4.153,30643,0.2618110236220472,0.041916167664670656,0.35652173913043483,0.35652173913043483,0.011906703637253303,0.0,1.0
586fbd8b8c30e82bdcce557d,1,0.008250687557296441,1000,4.155,5914,0.21259842519685038,0.02395209580838324,0.1565217391304348,0.1565217391304348,0.019681400532811397,0.0,1.0
58cf7224712870506c44edd9,1,0.008250687557296441,1000,4.171,3218,0.21259842519685038,0.035928143712574856,0.3739130434782609,0.3739130434782609,0.028434730604034144,0.0,1.0
59bcfadb776ab96ae984be82,1,0.008250687557296441,1000,4.191,9034,0.3110236220472441,0.11976047904191618,0.7130434782608696,0.7130434782608696,0.03468710922633611,0.0,1.0
590d6c356815062709f1b06c,1,0.008250687557296441,1000,4.204,941,0.2618110236220472,0.02395209580838324,0.017391304347826098,0.017391304347826098,0.007013537758930028,0.0,1.0
5950d54a4b913a1174a7ae6d,1,0.008250687557296441,1000,4.209,2212,0.3110236220472441,0.16766467065868262,0.8,0.8,0.014679497634969826,0.0,1.0
58cf8bc8375c92523736b540,1,0.008250687557296441,1000,4.213,47639,0.4586614173228346,0.1317365269461078,0.6347826086956522,0.6347826086956522,0.008372750502908715,0.0,1.0
570cfe55a18a3f4630d18c02,1,0.008250687557296441,1000,4.223,1178,0.6062992125984251,0.0598802395209581,0.017391304347826098,0.017391304347826098,0.02332409068667428,0.0,1.0
58c14b3e98d70751f799bc3f,1,0.008250687557296441,1000,4.229,3533,0.655511811023622,0.0658682634730539,0.026086956521739146,0.026086956521739146,0.02702114935029631,0.0,1.0
58ad365fb3bd6d507b06db0f,1,0.008250687557296441,1000,4.241,15540,0.5078740157480315,0.5449101796407186,0.9217391304347826,0.9217391304347826,0.029032784211384766,0.0,1.0
5af25671e139d756e4f0afbe,1,0.008250687557296441,1000,4.246,8404,0.36023622047244097,0.4910179640718564,0.9391304347826087,0.9391304347826087,0.02283477409884195,0.0,1.0
5ae0213bb722cf61f1aa3624,1,0.008250687557296441,1000,4.26,2992,0.3110236220472441,0.053892215568862284,0.4,0.4,0.008318381993149567,0.0,1.0
5bbf00e6c5fdec1c0e0d401d,1,0.008250687557296441,1000,4.264,904,0.20570866141732283,0.053892215568862284,0.5652173913043479,0.5652173913043479,0.02783667699668352,0.0,1.0
55dc6b85f51bf838d3e3dcc2,1,0.008250687557296441,1000,4.265,62240,0.6062992125984251,0.502994011976048,0.8869565217391304,0.8869565217391304,0.029685206328494536,0.0,1.0
58d9f311fe9cae52ce0213ec,1,0.008250687557296441,1000,4.279,6383,0.4586614173228346,0.07185628742514971,0.34782608695652173,0.34782608695652173,0.03539389985320503,0.0,1.0
5d3bc9f8e13a7e654424a4cb,1,0.008250687557296441,1000,4.306,173,0.3110236220472441,0.053892215568862284,0.4,0.4,0.006904800739411733,0.0,1.0
57383b023a698c3a936ce406,1,0.008250687557296441,1000,4.316,2946,0.2618110236220472,0.28143712574850305,0.9043478260869565,0.9043478260869565,0.010547490893274615,0.0,1.0
5b8deaae2eb51f6d30ff9a3d,1,0.008250687557296441,1000,4.332,4425,0.2618110236220472,0.02395209580838324,0.017391304347826098,0.017391304347826098,0.011254281520143534,0.0,1.0
5b66b2f303523d3caa84aed5,1,0.008250687557296441,1000,4.334,895,0.4586614173228346,0.4970059880239521,0.9217391304347826,0.9217391304347826,0.024683303430652965,0.0,1.0
5885a7e767f7c84d7657d220,1,0.008250687557296441,1000,4.38,27740,0.36023622047244097,0.2155688622754491,0.8260869565217391,0.8260869565217391,0.01696297504485402,0.0,1.0
555bf637b0213719da7229df,1,0.008250687557296441,1000,4.383,6275,0.3110236220472441,0.2155688622754491,0.8434782608695652,0.8434782608695652,0.010656227912792911,0.0,1.0
5b80fee2008a3e2f6ec81563,1,0.008250687557296441,1000,4.417,3439,0.21259842519685038,0.11976047904191618,0.7913043478260869,0.7913043478260869,0.010928070461588647,0.0,1.0
56cd50871e15ff78c21de8a9,5,0.004083673639469956,100,3.956,1047,0.1048228346456693,0.009580838323353293,0.1826086956521739,0.18434782608695655,0.0017941608220518677,0.2,0.3023255813953488
583da4b58108913e6c79a32e,6,0.004083673639469956,83,4.069,2782,0.21948818897637792,0.03191616766467066,0.34782608695652173,0.3506956521739131,0.0015766867830152775,0.4000000000000001,0.4186046511627907
5e4bb29957cc9b46d2e498f7,4,0.0032502708559046588,100,3.802,111,0.2864173228346456,0.04790419161676647,0.4173913043478261,0.4173913043478261,0.0005980536073506226,0.2,0.4186046511627907
5b47ffa01e5bc91f3eea4f1f,4,0.0032502708559046588,100,3.975,366,0.2618110236220472,0.02694610778443114,0.12173913043478263,0.1173913043478261,0.0004893165878323276,0.2,0.4186046511627907
5aea8f2ccac3c5238de1a99c,4,0.0032502708559046588,100,4.144,1160,0.36023622047244097,0.17664670658682635,0.7130434782608696,0.7130434782608696,0.002066003370847605,0.2,0.4186046511627907
5eb51ed929e7865dc268a561,5,0.00283356946412201,70,3.874,127,0.2716535433070866,0.03832335329341317,0.26086956521739135,0.26086956521739135,0.00021747403903659,0.4000000000000001,0.5348837209302326
5dc40e313710b91b0f04fcc5,3,0.0024168680723393615,100,3.625,112,0.21259842519685038,0.02395209580838324,0.1565217391304348,0.1565217391304348,0.00027184254879573754,0.0,0.22093023255813954
5d3da852e4b65d3e801e9b5d,3,0.0024168680723393615,100,3.732,168,0.4586614173228346,0.04790419161676647,0.06956521739130436,0.06956521739130436,0.0024465829391616374,0.2,0.6162790697674418
5a698cef028bbd27227d3d12,3,0.0024168680723393615,100,3.884,1050,0.06496062992125984,0.0059880239520958105,0.1565217391304348,0.1565217391304348,0.003153373566030555,0.2,0.6162790697674418
584a7a381591451e4e3af3df,3,0.0024168680723393615,100,3.988,4080,0.3932086614173228,0.1397005988023952,0.6956521739130435,0.6985217391304348,0.0029902680367531126,0.2,0.6162790697674418
580c7d0a8b67fa197454a2d1,3,0.0024168680723393615,100,4.041,4705,0.21259842519685038,0.02395209580838324,0.1565217391304348,0.1565217391304348,0.0014679497634969825,0.0,0.22093023255813954
596b4085d4cc34162e778769,3,0.0024168680723393615,100,4.049,9940,0.5900590551181102,0.592814371257485,0.8956521739130435,0.8985217391304348,0.0015766867830152775,0.0,0.22093023255813954
5d8b2f16ddac8e198fc7c8b7,3,0.0024168680723393615,100,4.155,483,0.2618110236220472,0.02395209580838324,0.017391304347826098,0.017391304347826098,0.0013592127439786875,0.0,0.22093023255813954
5df71a34092d7302140be245,3,0.0024168680723393615,100,4.156,885,0.3720472440944882,0.037904191616766475,0.060869565217391314,0.05800000000000001,0.0005980536073506226,0.0,0.22093023255813954
5eb6598ec43e5c5ab9fd5a78,4,0.0024168680723393615,75,3.791,129,0.3110236220472441,0.038922155688622756,0.1826086956521739,0.1826086956521739,0.0004893165878323276,0.2,0.4186046511627907
5e4f6a3a29e786346774bcce,4,0.0024168680723393615,75,4.036,28,0.13877952755905512,0.014970059880239521,0.1565217391304348,0.1565217391304348,0.00016310552927744252,0.2,0.4186046511627907
5eb50ff17041111c43033565,3,0.0020001666805567133,83,3.545,211,0.3110236220472441,0.029940119760479045,0.03478260869565218,0.03478260869565218,0.00032621105855488503,0.0,0.22093023255813954
5e4a06cb57cc9b1700e826b3,2,0.0015834652887740644,100,3.186,43,0.3110236220472441,0.1437125748502994,0.7652173913043478,0.7652173913043478,0.0007611591366280651,0.0,0.4186046511627907
5dd790db4cc6678b7441ba5d,2,0.0015834652887740644,100,3.382,364,0.4586614173228346,0.04790419161676647,0.06956521739130436,0.06956521739130436,0.0024465829391616374,0.0,0.4186046511627907
5e61e5580705ac039c94c08f,2,0.0015834652887740644,100,3.409,359,0.09940944881889763,0.2694610778443114,0.9652173913043478,0.9652173913043478,0.0005980536073506226,0.0,0.4186046511627907
56498ab42a6bdb4474afa47b,2,0.0015834652887740644,100,3.535,1472,0.36023622047244097,0.19161676646706588,0.8,0.8,0.0015223182732561301,0.0,0.4186046511627907
5d4e6ca57edfad27a90a6726,2,0.0015834652887740644,100,3.581,31,0.3110236220472441,0.053892215568862284,0.4,0.4,0.0011417387049420975,0.0,0.4186046511627907
5d50fb2b1d9a8e23e3334c81,2,0.0015834652887740644,100,3.659,138,0.3110236220472441,0.1437125748502994,0.7652173913043478,0.7652173913043478,0.0007067906268689176,0.0,0.4186046511627907
5e9a629b29e786250230ba90,2,0.0015834652887740644,100,3.667,18,0.4586614173228346,0.08383233532934133,0.4347826086956522,0.4347826086956522,0.0006524221171097701,0.0,0.4186046511627907
5b0cd8577e43f257d4a05469,2,0.0015834652887740644,100,3.708,1279,0.4586614173228346,0.08982035928143714,0.4695652173913044,0.4695652173913044,0.00016310552927744252,0.0,0.4186046511627907
5e693079c6a6e679c0bf4613,2,0.0015834652887740644,100,3.766,231,0.3110236220472441,0.3413173652694611,0.9130434782608695,0.9130434782608695,0.006198010112542816,0.0,0.4186046511627907
5d56b32c40defd78043d5af9,2,0.0015834652887740644,100,3.774,31,0.5570866141732284,0.053892215568862284,0.0,0.0,0.000108737019518295,0.0,0.4186046511627907
5eb5076129e786048168034d,2,0.0015834652887740644,100,3.786,117,0.3110236220472441,0.04790419161676647,0.33043478260869563,0.33043478260869563,0.00032621105855488503,0.0,0.4186046511627907
52838e612dcc6469fa2d7104,2,0.0015834652887740644,100,3.84,16215,0.16338582677165353,0.16766467065868262,0.8869565217391304,0.8869565217391304,0.0007067906268689176,0.0,0.4186046511627907
58ff26fc42fc6a113afae083,2,0.0015834652887740644,100,3.878,9078,0.40944881889763773,0.37125748502994016,0.8956521739130435,0.8913043478260869,0.001848529331811015,0.0,0.4186046511627907
5d9f24a451a4ed72d95bac9c,2,0.0015834652887740644,100,3.883,239,0.3110236220472441,0.37724550898203596,0.9217391304347826,0.9217391304347826,0.0015766867830152775,0.0,0.4186046511627907
5d3e6e0ce13a7e7ae9f35f74,2,0.0015834652887740644,100,3.894,104,0.36023622047244097,0.035928143712574856,0.052173913043478265,0.052173913043478265,0.0014679497634969825,0.0,0.4186046511627907
5b348167af6b3122dba38825,2,0.0015834652887740644,100,3.916,8996,0.20127952755905507,0.017964071856287425,0.026086956521739146,0.026086956521739146,0.00021747403903659,0.0,0.4186046511627907
577f79f928d95d5777eac030,2,0.0015834652887740644,100,3.935,3060,0.2618110236220472,0.02395209580838324,0.017391304347826098,0.017391304347826098,0.0011961072147012451,0.0,0.4186046511627907
58a3db5e05b2f9716d029e30,2,0.0015834652887740644,100,3.968,16487,0.4586614173228346,0.04790419161676647,0.06956521739130436,0.06956521739130436,0.0011961072147012451,0.0,0.4186046511627907
56cd27b048e91e13aa3986e4,2,0.0015834652887740644,100,3.984,3515,0.21259842519685038,0.035928143712574856,0.3739130434782609,0.3739130434782609,0.0007067906268689176,0.0,0.4186046511627907
56ab21890d8dad10e044b9ec,2,0.0015834652887740644,100,3.991,8225,0.015748031496062992,0.04790419161676647,0.8521739130434782,0.8521739130434782,0.0005436850975914751,0.0,0.4186046511627907
566e97ca39cce4269637a261,2,0.0015834652887740644,100,4.03,2166,0.655511811023622,0.0658682634730539,0.026086956521739146,0.026086956521739146,0.0030446365465122602,0.0,0.4186046511627907
58da49c92c3a8f52a755d4a0,2,0.0015834652887740644,100,4.035,26951,0.015748031496062992,0.0,0.1565217391304348,0.1565217391304348,0.0004893165878323276,0.0,0.4186046511627907
5eba4bab58ed6ba265685ba1,2,0.0015834652887740644,100,4.041,123,0.3110236220472441,0.04790419161676647,0.33043478260869563,0.33043478260869563,0.003153373566030555,0.0,0.4186046511627907
5e8ad4c829e7860d8e20b40c,2,0.0015834652887740644,100,4.048,21,0.5570866141732284,0.053892215568862284,0.0,0.0,0.0014135812537378351,0.0,0.4186046511627907
5e50e6b968f8f90ec04531bf,2,0.0015834652887740644,100,4.069,189,0.11122047244094488,0.035928143712574856,0.6,0.6,0.0011417387049420975,0.0,0.4186046511627907
593402ae25c4f54ed4e0abdf,2,0.0015834652887740644,100,4.072,1926,0.4586614173228346,0.7904191616766467,0.9565217391304348,0.9565217391304348,0.0015223182732561301,0.0,0.4186046511627907
568b82677f5cdb26abff2f9a,2,0.0015834652887740644,100,4.078,22615,0.11417322834645668,0.011976047904191617,0.1565217391304348,0.1565217391304348,0.0011417387049420975,0.0,0.4186046511627907
583141fbfef4094e51453d9b,2,0.0015834652887740644,100,4.079,7497,0.14714566929133857,0.011976047904191617,0.017391304347826098,0.017391304347826098,0.004458217800250095,0.0,0.4186046511627907
57187da6f24dd9593ccc886a,2,0.0015834652887740644,100,4.09,43876,0.16338582677165353,0.27544910179640725,0.9391304347826087,0.9391304347826087,0.001631055292774425,0.0,0.4186046511627907
5844fc74f521924c9b5148f3,2,0.0015834652887740644,100,4.115,576,0.05068897637795275,0.0059880239520958105,0.24347826086956523,0.24347826086956523,0.0006524221171097701,0.0,0.4186046511627907
5b722effbfb77d14812b8c2c,2,0.0015834652887740644,100,4.148,3588,0.7047244094488189,0.07185628742514971,0.03478260869565218,0.03478260869565218,0.0005980536073506226,0.0,0.4186046511627907
5b0e27596b9302238a10c3f8,2,0.0015834652887740644,100,4.175,3120,0.4586614173228346,0.10778443113772455,0.5478260869565218,0.5478260869565218,0.0007611591366280651,0.0,0.4186046511627907
5898240369b8584f668a188b,2,0.0015834652887740644,100,4.185,14291,0.5324803149606299,0.5419161676646707,0.9043478260869565,0.9,0.004838797368564128,0.0,0.4186046511627907
59257409b674b15e8191b8de,2,0.0015834652887740644,100,4.216,139607,0.2618110236220472,0.02395209580838324,0.017391304347826098,0.017391304347826098,0.003316479095307998,0.0,0.4186046511627907
5d5108577ad24261ddf720f0,2,0.0015834652887740644,100,4.221,620,0.015748031496062992,0.0,0.1565217391304348,0.1565217391304348,0.001848529331811015,0.0,0.4186046511627907
59506bd1abea9119a059422d,2,0.0015834652887740644,100,4.225,9357,0.16338582677165353,0.7485029940119761,1.0,1.0,0.0010330016854238025,0.0,0.4186046511627907
57885a8c090d40723d2105e3,2,0.0015834652887740644,100,4.258,4595,0.05511811023622046,0.0059880239520958105,0.2173913043478261,0.2173913043478261,0.00032621105855488503,0.0,0.4186046511627907
56c2e30edf108f11548c6dcb,2,0.0015834652887740644,100,4.291,38100,0.06496062992125984,0.0059880239520958105,0.1565217391304348,0.1565217391304348,0.0006524221171097701,0.0,0.4186046511627907
550ab2be8e8def0b2c654d4b,2,0.0015834652887740644,100,4.318,6126,0.3110236220472441,0.029940119760479045,0.03478260869565218,0.03478260869565218,0.0011417387049420975,0.0,0.4186046511627907
5e5f6272d0e9af054214467e,2,0.0015834652887740644,100,4.333,6,0.15403543307086612,0.017964071856287425,0.19130434782608696,0.19130434782608696,0.0,0.0,0.4186046511627907
5700b51a0848f73d19d10cbb,2,0.0015834652887740644,100,4.361,7197,0.4586614173228346,0.2694610778443114,0.8260869565217391,0.8260869565217391,0.0012504757244603925,0.0,0.4186046511627907
58402f95e24c5b06c6dccd35,2,0.0015834652887740644,100,4.368,619,0.3110236220472441,0.029940119760479045,0.03478260869565218,0.03478260869565218,0.00016310552927744252,0.0,0.4186046511627907
583beacf24b24f1b805ff7a2,2,0.0015834652887740644,100,4.39,889,0.3110236220472441,0.029940119760479045,0.03478260869565218,0.03478260869565218,0.0015223182732561301,0.0,0.4186046511627907
582ff4f70299bc4f4b90d203,2,0.0015834652887740644,100,4.429,3276,0.5570866141732284,0.07784431137724551,0.2782608695652174,0.2782608695652174,0.0029902680367531126,0.0,0.4186046511627907
5e70afae21861a90a4e6b7f0,2,0.0015834652887740644,100,4.5,6,0.5078740157480315,0.053892215568862284,0.0782608695652174,0.0782608695652174,0.0,0.0,0.4186046511627907
5e535f1b397cba44cf1118d8,3,0.0011667638969914157,50,3.733,30,0.059547244094488194,0.029940119760479045,0.6695652173913044,0.6695652173913044,5.43685097591475e-05,0.0,0.22093023255813954
5dda40561fead208515f98e2,3,0.0011667638969914157,50,3.737,334,0.3110236220472441,0.029940119760479045,0.03478260869565218,0.03478260869565218,0.00043494807807318,0.0,0.22093023255813954
5e3c5fbfe217d492138970c1,3,0.0011667638969914157,50,3.825,57,0.15501968503937008,0.29341317365269465,0.9478260869565217,0.9478260869565217,5.43685097591475e-05,0.2,0.6162790697674418
5a2fa9ce6ea4a770c66f5599,3,0.0011667638969914157,50,4.059,1374,0.21259842519685038,0.029940119760479045,0.28695652173913044,0.28695652173913044,0.00016310552927744252,0.0,0.22093023255813954
5d4bbed57ad242352a46d910,3,0.0011667638969914157,50,4.353,34,0.2618110236220472,0.02395209580838324,0.017391304347826098,0.017391304347826098,0.00021747403903659,0.0,0.22093023255813954
5d454f4056a26067881bb903,2,0.0011667638969914157,75,3.892,268,0.10580708661417323,0.008982035928143714,0.08695652173913045,0.08695652173913045,0.00043494807807318,0.0,0.4186046511627907
56c94ae6df108f5af83b1e0f,2,0.0011667638969914157,75,3.943,7248,0.012303149606299205,0.038922155688622756,0.8347826086956521,0.8304347826086956,0.0013592127439786875,0.2,1.0
5d464a1ffdf7bc44ee933c65,3,0.0009167430619218267,40,3.99,295,0.21259842519685038,0.27742514970059884,0.9217391304347826,0.9217391304347826,0.00027184254879573754,0.0,0.22093023255813954
5e0474f81b1677050990d11b,1,0.0007500625052087674,100,3.514,70,0.3110236220472441,0.44311377245508987,0.9391304347826087,0.9391304347826087,0.0005980536073506226,0.0,1.0
5e50fecf18034a89e1aeede8,1,0.0007500625052087674,100,3.646,99,0.21259842519685038,0.1437125748502994,0.8260869565217391,0.8260869565217391,0.0006524221171097701,0.0,1.0
5d42980e8388970d32294ddc,1,0.0007500625052087674,100,3.803,330,0.4586614173228346,0.4910179640718564,0.9130434782608695,0.9130434782608695,0.0008155276463872126,0.0,1.0
5ddd1355801ecf0a803b6c3a,1,0.0007500625052087674,100,3.827,75,0.2618110236220472,0.02395209580838324,0.017391304347826098,0.017391304347826098,0.0009786331756646552,0.0,1.0
583d245d0d44637eb04d1c8f,1,0.0007500625052087674,100,3.89,17612,0.16338582677165353,0.43712574850299407,0.9739130434782609,0.9739130434782609,0.0008155276463872126,0.0,1.0
5eb8e443cefdd67ac09f93ca,1,0.0007500625052087674,100,3.897,107,0.3110236220472441,0.029940119760479045,0.03478260869565218,0.03478260869565218,0.0012504757244603925,0.0,1.0
5d46ce1a8388976d8c042c39,1,0.0007500625052087674,100,3.909,230,0.6062992125984251,0.1377245508982036,0.5391304347826087,0.5391304347826087,0.002718425487957375,0.0,1.0
5e5dec4430477e47e6838d5d,1,0.0007500625052087674,100,3.918,98,0.16338582677165353,0.017964071856287425,0.1565217391304348,0.1565217391304348,0.0013592127439786875,0.0,1.0
5b3ed8fa22856f198f7f0a88,1,0.0007500625052087674,100,3.923,1643,0.6062992125984251,0.0598802395209581,0.017391304347826098,0.017391304347826098,0.0010873701951829501,0.0,1.0
58ef5b480d27561215655a9c,1,0.0007500625052087674,100,3.937,4572,0.11417322834645668,0.011976047904191617,0.1565217391304348,0.1565217391304348,0.0013048442342195401,0.0,1.0
5541ba455252290c0b225b1f,1,0.0007500625052087674,100,3.95,27764,0.5570866141732284,0.1377245508982036,0.5739130434782609,0.5739130434782609,0.0042951122709726525,0.0,1.0
5498115d653d5121ae5409c9,1,0.0007500625052087674,100,3.953,11030,0.3110236220472441,0.16766467065868262,0.8,0.8,0.001848529331811015,0.0,1.0
561df3a23a698c711e5e5efa,1,0.0007500625052087674,100,3.965,36033,0.3110236220472441,0.029940119760479045,0.03478260869565218,0.03478260869565218,0.0010330016854238025,0.0,1.0
5e535edc18034a4651aeecef,1,0.0007500625052087674,100,3.993,150,0.20718503937007873,0.017964071856287425,0.008695652173913049,0.008695652173913049,0.0026096884684390803,0.0,1.0
59e071d99fbc517c29711220,1,0.0007500625052087674,100,3.997,2435,0.7047244094488189,0.18562874251497005,0.6086956521739131,0.6086956521739131,0.003316479095307998,0.0,1.0
5acdbf7c9c15ff7191aadd30,1,0.0007500625052087674,100,4.014,5244,0.5078740157480315,0.3413173652694611,0.8521739130434782,0.8521739130434782,0.00347958462458544,0.0,1.0
5aed66b2f0b75f35a1bd6615,1,0.0007500625052087674,100,4.023,4402,0.36023622047244097,0.035928143712574856,0.052173913043478265,0.052173913043478265,0.0005436850975914751,0.0,1.0
5dda41a275cf541cc0b6cf99,1,0.0007500625052087674,100,4.03,689,0.015748031496062992,0.0,0.1565217391304348,0.1565217391304348,0.003153373566030555,0.0,1.0
5c6d6c28619caa1d94891d06,1,0.0007500625052087674,100,4.056,1086,0.06496062992125984,0.0059880239520958105,0.1565217391304348,0.1565217391304348,0.00043494807807318,0.0,1.0
5512b0d98e8def07a462e1d7,1,0.0007500625052087674,100,4.128,17655,0.2618110236220472,0.02395209580838324,0.017391304347826098,0.017391304347826098,0.0025553199586799327,0.0,1.0
595097d6a26f6e070cb878d1,1,0.0007500625052087674,100,4.129,568,0.7047244094488189,0.07185628742514971,0.03478260869565218,0.03478260869565218,0.002935899526993965,0.0,1.0
58b569edfc743d5072bcd4d9,1,0.0007500625052087674,100,4.141,8685,0.4586614173228346,0.1437125748502994,0.6608695652173913,0.6608695652173913,5.43685097591475e-05,0.0,1.0
57ac5da80e3c8a18b4746013,1,0.0007500625052087674,100,4.157,300,0.8031496062992126,0.6766467065868264,0.8956521739130435,0.8956521739130435,0.009623226227369108,0.0,1.0
59f9687a37f9f80d31798d60,1,0.0007500625052087674,100,4.167,629,0.21259842519685038,0.08982035928143714,0.7217391304347825,0.7217391304347825,0.005056271407600718,0.0,1.0
58d10bee24f9f96bdbe80fb6,1,0.0007500625052087674,100,4.244,4758,0.5078740157480315,0.5868263473053893,0.9217391304347826,0.9217391304347826,0.0021747403903659003,0.0,1.0
577a1c0517c3e2747a5a4659,1,0.0007500625052087674,100,4.274,8950,0.8031496062992126,0.44311377245508987,0.8260869565217391,0.8260869565217391,0.0065242211710977,0.0,1.0
5e0b55766a4343d3823c7215,1,0.0007500625052087674,100,4.283,120,0.4586614173228346,0.04790419161676647,0.06956521739130436,0.06956521739130436,0.00043494807807318,0.0,1.0
5b71353ec8cfda2270406795,1,0.0007500625052087674,100,4.343,3038,0.2618110236220472,0.02395209580838324,0.017391304347826098,0.017391304347826098,0.003099005056271408,0.0,1.0
58501ac7b9e3474c9f4b2afd,1,0.0007500625052087674,100,4.365,10917,0.09891732283464566,0.2275449101796407,0.9478260869565217,0.9478260869565217,0.0032077420757897026,0.0,1.0
5778fd153a698c5c2d845ed9,1,0.0007500625052087674,100,4.366,6121,0.4586614173228346,0.23952095808383236,0.8,0.8,0.0029902680367531126,0.0,1.0
5d513ddf1d9a8e239c347192,1,0.0007500625052087674,100,4.444,36,0.2002952755905512,0.08383233532934133,0.7217391304347825,0.7217391304347825,0.0014679497634969825,0.0,1.0
5d5a520c560eca48d7f140eb,2,0.0007500625052087674,50,3.516,254,0.11417322834645668,0.011976047904191617,0.1565217391304348,0.1565217391304348,5.43685097591475e-05,0.0,0.4186046511627907
5e6771b33cce5a8dd4f6fd3c,2,0.0007500625052087674,50,3.75,4,0.16338582677165353,0.017964071856287425,0.1565217391304348,0.1565217391304348,5.43685097591475e-05,0.0,0.4186046511627907
5b0fa1b72c3c1d2abb34f1a4,2,0.0007500625052087674,50,3.792,519,0.3110236220472441,0.029940119760479045,0.03478260869565218,0.03478260869565218,0.00032621105855488503,0.0,0.4186046511627907
5e748f2484068a0289ab6f9f,2,0.0007500625052087674,50,3.923,26,0.9015748031496063,0.08982035928143714,0.008695652173913049,0.008695652173913049,0.0006524221171097701,0.0,0.4186046511627907
5e686e632fb13f0b010b6cd0,2,0.0007500625052087674,50,4.175,57,0.5078740157480315,0.4970059880239521,0.9043478260869565,0.9043478260869565,0.00021747403903659,0.0,0.4186046511627907
5a14dbb27dee4a2da907bddb,2,0.0007500625052087674,50,4.458,537,0.36023622047244097,0.19161676646706588,0.8,0.8,0.00027184254879573754,0.0,0.4186046511627907
5e732ba4dc0ec3709851e0f7,1,0.0003333611134261188,50,3.714,21,0.4586614173228346,0.4970059880239521,0.9217391304347826,0.9217391304347826,0.00038057956831403253,0.0,1.0
5e6a5f041511dc46c06eac19,1,0.0003333611134261188,50,3.872,47,0.3110236220472441,0.3233532934131737,0.9043478260869565,0.9043478260869565,0.00032621105855488503,0.0,1.0
578caf669035dc557db297c0,1,0.0003333611134261188,50,4.16,19281,0.3110236220472441,0.029940119760479045,0.03478260869565218,0.03478260869565218,0.00032621105855488503,0.0,1.0
533e35e334067e3f0e7b05c5,1,0.0003333611134261188,50,4.385,71919,0.5078740157480315,0.08982035928143714,0.4173913043478261,0.4173913043478261,0.0009786331756646552,0.0,1.0
5e61c817039ce2184a0ed392,3,0.00016668055671305938,10,3.548,31,0.7047244094488189,0.07185628742514971,0.03478260869565218,0.03478260869565218,0.00016310552927744252,0.0,0.22093023255813954
5e71bc2ff2bef60050bd3a86,3,0.00016668055671305938,10,3.915,47,0.4586614173228346,0.9940119760479044,0.9739130434782609,0.9739130434782609,0.00016310552927744252,0.0,0.22093023255813954
5d3aa36072b0c915fe6b8fbd,3,0.00011667638969914159,8,3.917,626,0.3110236220472441,0.3952095808383234,0.9304347826086956,0.9304347826086956,0.0,0.0,0.22093023255813954
5e54d1d9e0d90e6488de48c2,2,8.33402783565297e-05,10,3.667,42,0.015748031496062992,0.0,0.1565217391304348,0.1565217391304348,0.00027184254879573754,0.0,0.4186046511627907
5d676dae88a10253b1781da6,2,8.33402783565297e-05,10,3.691,291,0.36023622047244097,0.04790419161676647,0.24347826086956523,0.24347826086956523,0.0,0.0,0.4186046511627907
5e606b6e29e7867135073fbe,2,8.33402783565297e-05,10,3.692,13,0.04872047244094488,0.38922155688622756,1.0,1.0,0.0,0.0,0.4186046511627907
5a3231f2e62bbc45b0bda1dd,2,8.33402783565297e-05,10,3.837,129,0.16338582677165353,0.017964071856287425,0.1565217391304348,0.1565217391304348,0.0,0.0,0.4186046511627907
5d48eef4b5144c50c2ac0af3,2,8.33402783565297e-05,10,3.859,397,0.2618110236220472,0.3952095808383234,0.9391304347826087,0.9391304347826087,0.000108737019518295,0.0,0.4186046511627907
5df1cd2ecce7510b506fdba5,1,0.0,10,3.625,8,0.3110236220472441,0.08982035928143714,0.6173913043478261,0.6173913043478261,0.0,0.0,1.0
5e4f81dc968c88593150e98e,1,0.0,10,3.778,72,0.09940944881889763,0.041916167664670656,0.6695652173913044,0.6695652173913044,0.00021747403903659,0.0,1.0
58c214fd95dc43508c12899c,1,0.0,10,3.81,4485,0.2618110236220472,0.029940119760479045,0.1565217391304348,0.1565217391304348,0.0005980536073506226,0.0,1.0
5af917558699ce1103dd6010,1,0.0,10,3.875,514,0.6062992125984251,0.0598802395209581,0.017391304347826098,0.017391304347826098,0.000108737019518295,0.0,1.0
57c4dd2ce2a1b61c74c4265a,1,0.0,10,4.037,28798,0.1953740157480315,0.18562874251497005,0.8782608695652174,0.8782608695652174,0.0,0.0,1.0
56025ed8293a5b2d24779bde,1,0.0,10,4.295,22621,0.4586614173228346,0.16766467065868262,0.7130434782608696,0.7130434782608696,0.0,0.0,1.0
